"Model","df","logLik","AIC","AICw","AICc","AICcw","BIC"
"HKY+G(4)+I",87,-26518.6266201248,53211.2532402496,0.198188189368022,53212.1637474745,0.200533136223002,53884.229970467
"TPM2u+G(4)+I",88,-26517.968592973,53211.9371859461,0.140786447064105,53212.8686797615,0.140965243153807,53892.6492808786
"TPM3u+G(4)+I",88,-26517.9985393558,53211.9970787116,0.136632904418178,53212.928572527,0.13680642558832,53892.7091736441
"TPM1u+G(4)+I",88,-26518.2063213497,53212.4126426993,0.110998402112093,53213.3441365147,0.111139367955573,53893.1247376318
"TrN+G(4)+I",88,-26518.2353748454,53212.4707496908,0.107819907283289,53213.4022435062,0.107956836499249,53893.1828446232
"TIM2+G(4)+I",89,-26517.5665775462,53213.1331550924,0.0774211198199887,53214.0858758774,0.0767010424510199,53901.5806147401
"TIM3+G(4)+I",89,-26517.6039944143,53213.2079888287,0.074577789957205,53214.1607096137,0.0738841577945503,53901.6554484763
"TIM1+G(4)+I",89,-26517.8143842699,53213.6287685398,0.0604280188477201,53214.5814893248,0.0598659906966803,53902.0762281874
"TVM+G(4)+I",90,-26517.2989856139,53214.5979712277,0.0372201969096178,53215.5721594042,0.036480341854097,53910.7807955905
"GTR+G(4)+I",91,-26516.8947557225,53215.7895114449,0.020513463630157,53216.7854074777,0.0198886556114181,53919.7077005228
"HKY+I",86,-26522.9123302553,53217.8246605106,0.00741501427084248,53218.714421481,0.00758098014319519,53883.0660260128
"TPM2u+I",87,-26522.2552571538,53218.5105143075,0.00526236213856028,53219.4210215324,0.0053246259878135,53891.4872445249
"TPM3u+I",87,-26522.2882498291,53218.5764996581,0.00509157557764897,53219.487006883,0.00515181869393037,53891.5532298755
"TPM1u+I",87,-26522.4952411649,53218.9904823297,0.00413958686006718,53219.9009895546,0.00418856612174459,53891.9672125471
"TrN+I",87,-26522.5688614171,53219.1377228341,0.00384577728935102,53220.048230059,0.00389128021961327,53892.1144530515
"TIM2+I",88,-26521.9028380597,53219.8056761193,0.00275384769561499,53220.7371699348,0.00275734502941294,53900.5177710518
"TIM3+I",88,-26521.9421140078,53219.8842280156,0.00264778422218704,53220.815721831,0.00265114685740637,53900.5963229481
"TIM1+I",88,-26522.1512728275,53220.302545655,0.00214805832190194,53221.2340394704,0.00215078631480479,53901.0146405874
"TVM+I",89,-26521.5913177203,53221.1826354406,0.0013833656893083,53222.1353562256,0.00137049929925615,53909.6300950883
"GTR+I",90,-26521.2357827782,53222.4715655564,0.00072618852414161,53223.445753733,0.000711753505107401,53918.6543899192
"HKY+G(4)",86,-26557.452631121,53286.905262242,7.40371891000522e-18,53287.7950232124,7.56943196498679e-18,53952.1466277442
"TPM3u+G(4)",87,-26556.7899076635,53287.5798153269,5.28411889269258e-18,53288.4903225518,5.34664016612602e-18,53960.5565455443
"TPM2u+G(4)",87,-26556.8190377095,53287.638075419,5.13241259929325e-18,53288.5485826438,5.19313889595879e-18,53960.6148056363
"TPM1u+G(4)",87,-26556.9864461734,53287.9728923468,4.34127193160525e-18,53288.8833995717,4.39263751496867e-18,53960.9496225642
"TrN+G(4)",87,-26557.0166603912,53288.0333207824,4.21206556002732e-18,53288.9438280072,4.2619023839039e-18,53961.0100509997
"TIM3+G(4)",88,-26556.3528514151,53288.7057028302,3.00946443782944e-18,53289.6371966456,3.0132863999913e-18,53969.4177977627
"TIM2+G(4)",88,-26556.3789549991,53288.7579099981,2.93192308676976e-18,53289.6894038135,2.9356465729018e-18,53969.4700049306
"TIM1+G(4)",88,-26556.5504111217,53289.1008222435,2.46996116699901e-18,53290.0323160589,2.4730979703461e-18,53969.812917176
"TVM+G(4)",89,-26556.0891584797,53290.1783169595,1.44116969296293e-18,53291.1310377445,1.42776568016695e-18,53978.6257766071
"GTR+G(4)",90,-26555.6479048337,53291.2958096673,8.2424185130944e-19,53292.2699978438,8.07857749362212e-19,53987.4786340301
"HKY",85,-26640.5809085649,53451.1618171298,1.59071442668931e-53,53452.031072139,1.64307883206681e-53,54108.6678179169
"TPM3u",86,-26639.9079143482,53451.8158286963,1.14703167929484e-53,53452.7055896667,1.1727050099611e-53,54117.0571941985
"TPM2u",86,-26639.9370904193,53451.8741808386,1.11404928934949e-53,53452.7639418089,1.13898439471778e-53,54117.1155463408
"TPM1u",86,-26640.0994879032,53452.1989758065,9.4705690479113e-54,53453.0887367769,9.68254318529008e-54,54117.4403413087
"TrN",86,-26640.1602754058,53452.3205508116,8.91202503535765e-54,53453.210311782,9.111497612941e-54,54117.5619163138
"TIM3",87,-26639.4871372379,53452.9742744757,6.42720434285661e-54,53453.8847817005,6.50325051219773e-54,54125.9510046931
"TIM2",87,-26639.5164797026,53453.0329594052,6.24135430934977e-54,53453.94346663,6.31520151591234e-54,54126.0096896225
"TIM1",87,-26639.6788136887,53453.3576273774,5.30613240626788e-54,53454.2681346022,5.36891414183879e-54,54126.3343575948
"TVM",88,-26639.1856170198,53454.3712340397,3.19651092279288e-54,53455.3027278551,3.20057043040604e-54,54135.0833289722
"GTR",89,-26638.7647963952,53455.5295927904,1.79119053655145e-54,53456.4823135754,1.77453105433419e-54,54143.977052438
"F81+G(4)+I",86,-27009.0586444207,54190.1172888413,5.48845808119686e-214,54191.0070498117,5.61130298749717e-214,54855.3586543436
"F81+I",85,-27012.8850016934,54195.7700033867,3.25071566543706e-215,54196.6392583959,3.35772531469648e-215,54853.2760041738
"F81+G(4)",85,-27047.8513513754,54265.7027027507,2.11975791209191e-230,54266.57195776,2.18953779259627e-230,54923.2087035378
"F81",84,-27130.5869936374,54429.1739872748,6.74447044285558e-266,54430.0229765733,7.03743958767391e-266,55078.9446233467
"TIM2e+G(4)+I",86,-27307.386128257,54786.772256514,0,54787.6620174844,0,55452.0136220162
"SYM+G(4)+I",88,-27306.9188118799,54789.8376237598,0,54790.7691175752,0,55470.5497186923
"TrNe+G(4)+I",85,-27310.3082535271,54790.6165070541,0,54791.4857620633,0,55448.1225078412
"TIM3e+G(4)+I",86,-27309.8768570869,54791.7537141738,0,54792.6434751442,0,55456.9950796761
"TIM1e+G(4)+I",86,-27309.9597552592,54791.9195105184,0,54792.8092714888,0,55457.1608760206
"TIM2e+I",85,-27312.022312289,54794.0446245779,0,54794.9138795872,0,55451.550625365
"SYM+I",87,-27311.5577559811,54797.1155119623,0,54798.0260191871,0,55470.0922421796
"TrNe+I",84,-27314.9209226933,54797.8418453866,0,54798.690834685,0,55447.6124814585
"TIM3e+I",85,-27314.4914420658,54798.9828841316,0,54799.8521391408,0,55456.4888849187
"TIM1e+I",85,-27314.5726687487,54799.1453374974,0,54800.0145925066,0,55456.6513382844
"TPM2+G(4)+I",85,-27315.8705174225,54801.7410348449,0,54802.6102898541,0,55459.247035632
"TVMe+G(4)+I",87,-27315.4132178149,54804.8264356298,0,54805.7369428546,0,55477.8031658471
"K80+G(4)+I",84,-27318.9300914838,54805.8601829676,0,54806.7091722661,0,55455.6308190395
"TPM3+G(4)+I",85,-27318.5038031051,54807.0076062102,0,54807.8768612194,0,55464.5136069973
"TPM1+G(4)+I",85,-27318.5834919766,54807.1669839531,0,54808.0362389623,0,55464.6729847402
"K81+G(4)+I",85,-27318.5834919766,54807.1669839531,0,54808.0362389623,0,55464.6729847402
"TPM2+I",84,-27320.2767977479,54808.5535954959,0,54809.4025847943,0,55458.3242315678
"TVMe+I",86,-27319.8214925093,54811.6429850186,0,54812.532745989,0,55476.8843505208
"K80+I",83,-27323.3159449774,54812.6318899548,0,54813.4608537501,0,55454.6671613116
"TPM3+I",84,-27322.8905098629,54813.7810197258,0,54814.6300090243,0,55463.5516557977
"TPM1+I",84,-27322.9690499513,54813.9380999025,0,54814.787089201,0,55463.7087359745
"K81+I",84,-27322.9690499513,54813.9380999025,0,54814.787089201,0,55463.7087359745
"TIM2e+G(4)",85,-27350.7457541233,54871.4915082466,0,54872.3607632558,0,55528.9975090337
"SYM+G(4)",87,-27350.2012009695,54874.402401939,0,54875.3129091638,0,55547.3791321563
"TrNe+G(4)",84,-27353.3134652457,54874.6269304913,0,54875.4759197898,0,55524.3975665632
"TIM3e+G(4)",85,-27352.8191593251,54875.6383186502,0,54876.5075736594,0,55533.1443194372
"TIM1e+G(4)",85,-27352.9522880712,54875.9045761423,0,54876.7738311515,0,55533.4105769294
"TPM2+G(4)",84,-27361.6479914305,54891.2959828609,0,54892.1449721594,0,55541.0666189329
"TVMe+G(4)",86,-27361.1046116162,54894.2092232324,0,54895.0989842028,0,55559.4505887346
"K80+G(4)",83,-27364.2503608228,54894.5007216455,0,54895.3296854408,0,55536.5359930023
"TPM3+G(4)",84,-27363.7561007158,54895.5122014316,0,54896.36119073,0,55545.2828375035
"TPM1+G(4)",84,-27363.889244827,54895.778489654,0,54896.6274789525,0,55545.5491257259
"K81+G(4)",84,-27363.889244827,54895.778489654,0,54896.6274789525,0,55545.5491257259
"TIM2e",84,-27435.1602834954,55038.3205669907,0,55039.1695562892,0,55688.0912030627
"SYM",86,-27434.5870972972,55041.1741945944,0,55042.0639555648,0,55706.4155600966
"TrNe",83,-27437.6271034163,55041.2542068325,0,55042.0831706278,0,55683.2894781893
"TIM3e",84,-27437.1085333283,55042.2170666566,0,55043.066055955,0,55691.9877027285
"TIM1e",84,-27437.2625015276,55042.5250030553,0,55043.3739923537,0,55692.2956391272
"TPM2",83,-27446.6145465478,55059.2290930955,0,55060.0580568908,0,55701.2643644523
"TVMe",85,-27446.0424477088,55062.0848954177,0,55062.9541504269,0,55719.5908962047
"K80",82,-27449.0803785712,55062.1607571423,0,55062.9699355991,0,55696.460663784
"TPM3",83,-27448.5625744187,55063.1251488373,0,55063.9541126326,0,55705.1604201941
"TPM1",83,-27448.7157900502,55063.4315801004,0,55064.2605438957,0,55705.4668514572
"K81",83,-27448.7157900502,55063.4315801004,0,55064.2605438957,0,55705.4668514572
"JC+G(4)+I",83,-27791.070158189,55748.1403163781,0,55748.9692801734,0,56390.1755877349
"JC+I",82,-27795.0431539451,55754.0863078902,0,55754.895486347,0,56388.3862145319
"JC+G(4)",82,-27832.1163449806,55828.2326899613,0,55829.041868418,0,56462.5325966029
"JC",81,-27915.5419557678,55993.0839115357,0,55993.8735447759,0,56619.6484534622
